mysql> source /home/jacinta/Desktop/scott.sql;
Query OK, 0 rows affected (0.07 sec)

ERROR 1049 (42000): Unknown database 'shopping'
Query OK, 0 rows affected, 1 warning (0.01 sec)

Query OK, 0 rows affected (0.50 sec)

Query OK, 1 row affected (0.03 sec)

Query OK, 1 row affected (0.03 sec)

Query OK, 1 row affected (0.02 sec)

Query OK, 1 row affected (0.01 sec)

Query OK, 0 rows affected, 1 warning (0.00 sec)

Query OK, 0 rows affected (0.06 sec)

Query OK, 1 row affected (0.00 sec)

Query OK, 1 row affected (0.00 sec)

Query OK, 1 row affected (0.00 sec)

Query OK, 1 row affected (0.10 sec)

Query OK, 1 row affected (0.00 sec)

Query OK, 1 row affected (0.00 sec)

Query OK, 1 row affected (0.00 sec)

Query OK, 1 row affected (0.00 sec)

Query OK, 1 row affected (0.00 sec)

Query OK, 1 row affected (0.01 sec)

Query OK, 1 row affected (0.00 sec)

Query OK, 1 row affected (0.01 sec)

Query OK, 1 row affected (0.00 sec)

Query OK, 1 row affected (0.00 sec)

Query OK, 0 rows affected, 1 warning (0.00 sec)

Query OK, 0 rows affected (0.11 sec)

Query OK, 1 row affected (0.00 sec)

Query OK, 1 row affected (0.01 sec)

Query OK, 1 row affected (0.00 sec)

Query OK, 1 row affected (0.00 sec)

Query OK, 1 row affected (0.00 sec)

mysql> source /home/jacinta/Desktop/hr.sql;
Query OK, 0 rows affected (0.00 sec)

ERROR 1049 (42000): Unknown database 'homework'
Query OK, 0 rows affected, 1 warning (0.00 sec)

Query OK, 0 rows affected (0.12 sec)

Query OK, 1 row affected (0.02 sec)

Query OK, 1 row affected (0.01 sec)

Query OK, 1 row affected (0.00 sec)

Query OK, 1 row affected (0.00 sec)

Query OK, 1 row affected (0.00 sec)

Query OK, 1 row affected (0.01 sec)

Query OK, 1 row affected (0.00 sec)

Query OK, 1 row affected (0.03 sec)

Query OK, 1 row affected (0.00 sec)

Query OK, 1 row affected (0.03 sec)

Query OK, 1 row affected (0.01 sec)

Query OK, 1 row affected (0.00 sec)

Query OK, 1 row affected (0.00 sec)

Query OK, 1 row affected (0.00 sec)

Query OK, 1 row affected (0.00 sec)

Query OK, 1 row affected (0.00 sec)

Query OK, 1 row affected (0.00 sec)

Query OK, 1 row affected (0.01 sec)

Query OK, 1 row affected (0.00 sec)

Query OK, 1 row affected (0.00 sec)

Query OK, 1 row affected (0.00 sec)

Query OK, 1 row affected (0.00 sec)

Query OK, 1 row affected (0.01 sec)

Query OK, 1 row affected (0.00 sec)

Query OK, 1 row affected (0.00 sec)

Query OK, 0 rows affected, 1 warning (0.02 sec)

Query OK, 0 rows affected (0.07 sec)

Query OK, 1 row affected (0.00 sec)

Query OK, 1 row affected (0.11 sec)

Query OK, 1 row affected (0.01 sec)

Query OK, 1 row affected (0.00 sec)

Query OK, 1 row affected (0.00 sec)

Query OK, 1 row affected (0.01 sec)

Query OK, 1 row affected (0.00 sec)

Query OK, 1 row affected (0.00 sec)

Query OK, 1 row affected (0.00 sec)

Query OK, 1 row affected (0.01 sec)

Query OK, 1 row affected (0.00 sec)

Query OK, 1 row affected (0.00 sec)

Query OK, 1 row affected (0.00 sec)

Query OK, 1 row affected (0.01 sec)

Query OK, 1 row affected (0.00 sec)

Query OK, 1 row affected (0.00 sec)

Query OK, 1 row affected (0.00 sec)

Query OK, 1 row affected (0.00 sec)

Query OK, 1 row affected (0.01 sec)

Query OK, 1 row affected (0.00 sec)

Query OK, 1 row affected (0.00 sec)

Query OK, 1 row affected (0.00 sec)

Query OK, 1 row affected (0.00 sec)

Query OK, 1 row affected (0.00 sec)

Query OK, 1 row affected (0.00 sec)

Query OK, 1 row affected (0.01 sec)

Query OK, 1 row affected (0.00 sec)

Query OK, 0 rows affected, 1 warning (0.01 sec)

Query OK, 0 rows affected (0.05 sec)

Query OK, 1 row affected (0.00 sec)

Query OK, 1 row affected (0.00 sec)

Query OK, 1 row affected (0.00 sec)

Query OK, 1 row affected (0.01 sec)

Query OK, 1 row affected (0.00 sec)

Query OK, 1 row affected (0.01 sec)

Query OK, 1 row affected (0.00 sec)

Query OK, 1 row affected (0.00 sec)

Query OK, 1 row affected (0.00 sec)

Query OK, 1 row affected (0.00 sec)

Query OK, 1 row affected (0.00 sec)

Query OK, 1 row affected (0.01 sec)

Query OK, 1 row affected (0.00 sec)

Query OK, 1 row affected (0.00 sec)

Query OK, 1 row affected (0.00 sec)

Query OK, 1 row affected (0.03 sec)

Query OK, 1 row affected (0.00 sec)

Query OK, 1 row affected (0.00 sec)

Query OK, 1 row affected (0.00 sec)

Query OK, 1 row affected (0.00 sec)

Query OK, 1 row affected (0.00 sec)

Query OK, 1 row affected (0.00 sec)

Query OK, 1 row affected (0.00 sec)

Query OK, 1 row affected (0.00 sec)

Query OK, 1 row affected (0.01 sec)

Query OK, 1 row affected (0.00 sec)

Query OK, 1 row affected (0.00 sec)

Query OK, 1 row affected (0.00 sec)

Query OK, 1 row affected (0.00 sec)

Query OK, 1 row affected (0.01 sec)

Query OK, 1 row affected (0.00 sec)

Query OK, 1 row affected (0.00 sec)

Query OK, 1 row affected (0.00 sec)

Query OK, 1 row affected (0.00 sec)

Query OK, 1 row affected (0.01 sec)

Query OK, 1 row affected (0.00 sec)

Query OK, 1 row affected (0.00 sec)

Query OK, 1 row affected (0.00 sec)

Query OK, 1 row affected (0.00 sec)

Query OK, 1 row affected (0.00 sec)

Query OK, 1 row affected (0.01 sec)

Query OK, 1 row affected (0.02 sec)

Query OK, 1 row affected (0.00 sec)

Query OK, 1 row affected (0.01 sec)

Query OK, 1 row affected (0.00 sec)

Query OK, 1 row affected (0.01 sec)

Query OK, 1 row affected (0.00 sec)

Query OK, 1 row affected (0.00 sec)

Query OK, 1 row affected (0.00 sec)

Query OK, 1 row affected (0.01 sec)

Query OK, 1 row affected (0.03 sec)

Query OK, 1 row affected (0.01 sec)

Query OK, 1 row affected (0.00 sec)

Query OK, 1 row affected (0.00 sec)

Query OK, 1 row affected (0.00 sec)

Query OK, 1 row affected (0.00 sec)

Query OK, 1 row affected (0.00 sec)

Query OK, 1 row affected (0.00 sec)

Query OK, 1 row affected (0.00 sec)

Query OK, 1 row affected (0.00 sec)

Query OK, 1 row affected (0.01 sec)

Query OK, 1 row affected (0.00 sec)

Query OK, 1 row affected (0.00 sec)

Query OK, 1 row affected (0.00 sec)

Query OK, 1 row affected (0.00 sec)

Query OK, 1 row affected (0.00 sec)

Query OK, 1 row affected (0.00 sec)

Query OK, 1 row affected (0.01 sec)

Query OK, 1 row affected (0.00 sec)

Query OK, 1 row affected (0.01 sec)

Query OK, 1 row affected (0.00 sec)

Query OK, 1 row affected (0.01 sec)

Query OK, 1 row affected (0.00 sec)

Query OK, 1 row affected (0.01 sec)

Query OK, 1 row affected (0.00 sec)

Query OK, 1 row affected (0.00 sec)

Query OK, 1 row affected (0.00 sec)

Query OK, 1 row affected (0.00 sec)

Query OK, 1 row affected (0.00 sec)

Query OK, 1 row affected (0.00 sec)

Query OK, 1 row affected (0.01 sec)

Query OK, 1 row affected (0.00 sec)

Query OK, 1 row affected (0.00 sec)

Query OK, 1 row affected (0.00 sec)

Query OK, 1 row affected (0.00 sec)

Query OK, 1 row affected (0.00 sec)

Query OK, 1 row affected (0.01 sec)

Query OK, 1 row affected (0.00 sec)

Query OK, 1 row affected (0.00 sec)

Query OK, 1 row affected (0.01 sec)

Query OK, 1 row affected (0.00 sec)

Query OK, 1 row affected (0.00 sec)

Query OK, 1 row affected (0.00 sec)

Query OK, 1 row affected (0.00 sec)

Query OK, 1 row affected (0.00 sec)

Query OK, 1 row affected (0.03 sec)

Query OK, 1 row affected (0.00 sec)

Query OK, 1 row affected (0.00 sec)

Query OK, 1 row affected (0.00 sec)

Query OK, 1 row affected (0.00 sec)

Query OK, 1 row affected (0.00 sec)

Query OK, 1 row affected (0.01 sec)

Query OK, 1 row affected (0.00 sec)

Query OK, 1 row affected (0.00 sec)

Query OK, 1 row affected (0.00 sec)

Query OK, 1 row affected (0.00 sec)

Query OK, 1 row affected (0.00 sec)

Query OK, 0 rows affected, 1 warning (0.00 sec)

Query OK, 0 rows affected (0.06 sec)

Query OK, 1 row affected (0.00 sec)

Query OK, 1 row affected (0.03 sec)

Query OK, 1 row affected (0.01 sec)

Query OK, 1 row affected (0.00 sec)

Query OK, 1 row affected (0.01 sec)

Query OK, 1 row affected (0.00 sec)

Query OK, 1 row affected (0.00 sec)

Query OK, 1 row affected (0.00 sec)

Query OK, 1 row affected (0.00 sec)

Query OK, 1 row affected (0.01 sec)

Query OK, 1 row affected (0.00 sec)

Query OK, 1 row affected (0.00 sec)

Query OK, 1 row affected (0.00 sec)

Query OK, 1 row affected (0.00 sec)

Query OK, 1 row affected (0.01 sec)

Query OK, 1 row affected (0.00 sec)

Query OK, 1 row affected (0.00 sec)

Query OK, 1 row affected (0.00 sec)

Query OK, 1 row affected (0.00 sec)

Query OK, 0 rows affected, 1 warning (0.00 sec)

Query OK, 0 rows affected (17.20 sec)

Query OK, 1 row affected (0.34 sec)

Query OK, 1 row affected (0.02 sec)

Query OK, 1 row affected (0.01 sec)

Query OK, 1 row affected (0.03 sec)

Query OK, 1 row affected (0.00 sec)

Query OK, 1 row affected (0.00 sec)

Query OK, 1 row affected (0.00 sec)

Query OK, 1 row affected (0.00 sec)

Query OK, 1 row affected (0.00 sec)

Query OK, 1 row affected (0.01 sec)

Query OK, 0 rows affected, 1 warning (0.00 sec)

Query OK, 0 rows affected (0.12 sec)

Query OK, 1 row affected (0.00 sec)

Query OK, 1 row affected (0.00 sec)

Query OK, 1 row affected (0.00 sec)

Query OK, 1 row affected (0.00 sec)

Query OK, 1 row affected (0.00 sec)

Query OK, 1 row affected (0.01 sec)

Query OK, 1 row affected (0.00 sec)

Query OK, 1 row affected (0.00 sec)

Query OK, 1 row affected (0.00 sec)

Query OK, 1 row affected (0.00 sec)

Query OK, 1 row affected (0.00 sec)

Query OK, 1 row affected (0.00 sec)

Query OK, 1 row affected (0.00 sec)

Query OK, 1 row affected (0.01 sec)

Query OK, 1 row affected (0.00 sec)

Query OK, 1 row affected (0.00 sec)

Query OK, 1 row affected (0.00 sec)

Query OK, 1 row affected (0.00 sec)

Query OK, 1 row affected (0.01 sec)

Query OK, 1 row affected (0.00 sec)

Query OK, 1 row affected (0.00 sec)

Query OK, 1 row affected (0.00 sec)

Query OK, 1 row affected (0.00 sec)

Query OK, 0 rows affected, 1 warning (0.06 sec)

Query OK, 0 rows affected (0.05 sec)

Query OK, 1 row affected (0.00 sec)

Query OK, 1 row affected (0.00 sec)

Query OK, 1 row affected (0.01 sec)

Query OK, 1 row affected (0.00 sec)

mysql> show tables;
+-----------------+
| Tables_in_kitty |
+-----------------+
| countries       |
| departments     |
| dept            |
| emp             |
| employees       |
| job_history     |
| jobs            |
| locations       |
| regions         |
| salgrade        |
| shoppingcart    |
+-----------------+
11 rows in set (0.07 sec)


mysql> select * from emp;
+-------+--------+-----------+------+------------+------+---------+--------+
| EMPNO | ENAME  | JOB       | MGR  | HIREDATE   | SAL  | COMM    | DEPTNO |
+-------+--------+-----------+------+------------+------+---------+--------+
|  7369 | SMITH  | CLERK     | 7902 | 1980/12/17 |  800 |         | 20     |
|  7499 | ALLEN  | SALESMAN  | 7698 | 1981/2/20  | 1600 | 300.00  | 30     |
|  7521 | WARD   | SALESMAN  | 7698 | 1981/2/22  | 1250 | 500.00  | 30     |
|  7566 | JONES  | MANAGER   | 7839 | 1981/4/2   | 2975 |         | 20     |
|  7654 | MARTIN | SALESMAN  | 7698 | 1981/9/28  | 1250 | 1400.00 | 30     |
|  7698 | BLAKE  | MANAGER   | 7839 | 1981/5/1   | 2850 |         | 30     |
|  7782 | CLARK  | MANAGER   | 7839 | 1981/6/9   | 2450 |         | 10     |
|  7788 | SCOTT  | ANALYST   | 7566 | 1987/4/19  | 3000 |         | 20     |
|  7839 | KING   | PRESIDENT |      | 1981/11/17 | 5000 |         | 10     |
|  7844 | TURNER | SALESMAN  | 7698 | 1981/9/8   | 1500 | 0.00    | 30     |
|  7876 | ADAMS  | CLERK     | 7788 | 1987/5/23  | 1100 |         | 20     |
|  7900 | JAMES  | CLERK     | 7698 | 1981/12/3  |  950 |         | 30     |
|  7902 | FORD   | ANALYST   | 7566 | 1981/12/3  | 3000 |         | 20     |
|  7934 | MILLER | CLERK     | 7782 | 1982/1/23  | 1300 |         | 10     |
+-------+--------+-----------+------+------------+------+---------+--------+
14 rows in set (0.08 sec)

mysql> select sal from emp where sal>1500 and sal<5000;
+------+
| sal  |
+------+
| 1600 |
| 2975 |
| 2850 |
| 2450 |
| 3000 |
| 3000 |
+------+
6 rows in set (2.09 sec)

mysql> select * from emp order by empno desc;
+-------+--------+-----------+------+------------+------+---------+--------+
| EMPNO | ENAME  | JOB       | MGR  | HIREDATE   | SAL  | COMM    | DEPTNO |
+-------+--------+-----------+------+------------+------+---------+--------+
|  7934 | MILLER | CLERK     | 7782 | 1982/1/23  | 1300 |         | 10     |
|  7902 | FORD   | ANALYST   | 7566 | 1981/12/3  | 3000 |         | 20     |
|  7900 | JAMES  | CLERK     | 7698 | 1981/12/3  |  950 |         | 30     |
|  7876 | ADAMS  | CLERK     | 7788 | 1987/5/23  | 1100 |         | 20     |
|  7844 | TURNER | SALESMAN  | 7698 | 1981/9/8   | 1500 | 0.00    | 30     |
|  7839 | KING   | PRESIDENT |      | 1981/11/17 | 5000 |         | 10     |
|  7788 | SCOTT  | ANALYST   | 7566 | 1987/4/19  | 3000 |         | 20     |
|  7782 | CLARK  | MANAGER   | 7839 | 1981/6/9   | 2450 |         | 10     |
|  7698 | BLAKE  | MANAGER   | 7839 | 1981/5/1   | 2850 |         | 30     |
|  7654 | MARTIN | SALESMAN  | 7698 | 1981/9/28  | 1250 | 1400.00 | 30     |
|  7566 | JONES  | MANAGER   | 7839 | 1981/4/2   | 2975 |         | 20     |
|  7521 | WARD   | SALESMAN  | 7698 | 1981/2/22  | 1250 | 500.00  | 30     |
|  7499 | ALLEN  | SALESMAN  | 7698 | 1981/2/20  | 1600 | 300.00  | 30     |
|  7369 | SMITH  | CLERK     | 7902 | 1980/12/17 |  800 |         | 20     |
+-------+--------+-----------+------+------------+------+---------+--------+
14 rows in set (0.03 sec)

mysql> select sum(sal) from emp;
+----------+
| sum(sal) |
+----------+
|    29025 |
+----------+
1 row in set (0.13 sec)

mysql> select count(*) from emp;
+----------+
| count(*) |
+----------+
|       14 |
+----------+
1 row in set (0.08 sec)

mysql> select min(sal) from emp;
+----------+
| min(sal) |
+----------+
|      800 |
+----------+
1 row in set (0.00 sec)

mysql> select max(sal) from emp;
+----------+
| max(sal) |
+----------+
|     5000 |
+----------+
1 row in set (0.00 sec)


mysql> select sal,max(empno),count(sal) from emp group by sal having count(sal)>1;
+------+------------+------------+
| sal  | max(empno) | count(sal) |
+------+------------+------------+
| 1250 |       7654 |          2 |
| 3000 |       7902 |          2 |
+------+------------+------------+
2 rows in set (0.08 sec)

